{
    "loss": 0.5967074036598206,
    "accuracy": 0.931034505367279
}