{
    "loss": 0.3673115074634552,
    "accuracy": 0.9051724076271057
}