{
    "loss": 0.7514592409133911,
    "accuracy": 0.8879310488700867
}